{"cameraMode":{"drawMode":0,"name":"Shaded","section":"Shading Mode"},"sceneLighting":true,"audioPlay":false,"sceneViewState":{"showFog":true,"showMaterialUpdate":false,"showSkybox":true,"showFlares":true,"showImageEffects":true,"showParticleSystems":true},"in2DMode":false,"pivot":{"x":655.1927490234375,"y":229.14633178710938,"z":1177.865478515625},"rotation":{"x":0.017996858805418016,"y":0.015293421223759652,"z":-0.0002752860600594431,"w":0.9997201561927795},"size":899.072021484375,"orthographic":false}